<?xml version="1.0"?>
<config>
	<menu>
		<mageworks_core>
			<children>
				<export translate="title" module="mageworks_export">
					<title>Export Profiles</title>
					<action>adminhtml/export</action>
					<sort_order>10</sort_order>
				</export>
			</children>
		</mageworks_core>
	</menu>

	<acl>
		<resources>
			<admin>
				<children>
					<mageworks_core>
						<children>
							<export translate="title" module="mageworks_export">
								<title>Export Profiles</title>
								<sort_order>10</sort_order>
							</export>
						</children>
					</mageworks_core>
				</children>
			</admin>
		</resources>
	</acl>
</config>
