<?xml version="1.0"?>
<config>
	<menu>
		<mageworks_core>
			<children>
				<Import translate="title" module="mageworks_import">
					<title>Import Profiles</title>
					<action>adminhtml/import</action>
					<sort_order>20</sort_order>
				</Import>
			</children>
		</mageworks_core>
	</menu>

	<acl>
		<resources>
			<admin>
				<children>
					<mageworks_core>
						<children>
							<Import translate="title" module="mageworks_import">
								<title>Import Profiles</title>
								<sort_order>20</sort_order>
							</Import>
						</children>
					</mageworks_core>
				</children>
			</admin>
		</resources>
	</acl>
</config>
