<?xml version="1.0" encoding="UTF-8"?>
<config>
    <acl>
        <resources>
            <admin>
                <children>
                    <system>
                        <children>
                            <config>
                                <children>
                                    <md_seo translate="title" module="md_seo">
                                        <title>MD SEO</title>
                                    </md_seo>
                                </children>
                            </config>
                        </children>
                    </system>
                </children>
            </admin>
        </resources>
    </acl>
</config>