<?xml version="1.0" encoding="UTF-8"?>
<config>
    <tabs>
        <md translate="label" module="md_seo">
            <label>MAGEDRIVE</label>
            <sort_order>300</sort_order>
        </md>
    </tabs>
    <sections>
        <md_seo translate="label" module="md_seo">
            <label>Layered Navigation Settings</label>
            <tab>md</tab>
            <frontend_type>text</frontend_type>
            <sort_order>1</sort_order>
            <show_in_default>1</show_in_default>
            <show_in_website>1</show_in_website>
            <show_in_store>1</show_in_store>
            <groups>
                <catalog translate="label">
                    <label>Catalog Layered Navigation</label>
                    <frontend_type>text</frontend_type>
                    <sort_order>2</sort_order>
                    <show_in_default>1</show_in_default>
                    <show_in_website>1</show_in_website>
                    <show_in_store>1</show_in_store>
                    <fields>
                        <enabled translate="label">
                            <label>Enable</label>
                            <frontend_type>select</frontend_type>
                            <source_model>adminhtml/system_config_source_yesno</source_model>
                            <backend_model>md_seo/system_config_backend_seo_catalog</backend_model>
                            <sort_order>1</sort_order>
                            <show_in_default>1</show_in_default>
                            <show_in_website>1</show_in_website>
                            <show_in_store>1</show_in_store>
                        </enabled>
                        <ajax_enabled translate="label">
                            <label>Enable AJAX</label>
                            <frontend_type>select</frontend_type>
                            <source_model>adminhtml/system_config_source_yesno</source_model>
                            <backend_model>md_seo/system_config_backend_seo_catalog</backend_model>
                            <sort_order>2</sort_order>
                            <show_in_default>1</show_in_default>
                            <show_in_website>1</show_in_website>
                            <show_in_store>1</show_in_store>
                            <depends>
                                <enabled>1</enabled>
                            </depends>
                        </ajax_enabled>
                        <price_slider translate="label">
                            <label>Enable Price Slider</label>
                            <frontend_type>select</frontend_type>
                            <source_model>adminhtml/system_config_source_yesno</source_model>
                            <backend_model>md_seo/system_config_backend_seo_catalog</backend_model>
                            <sort_order>3</sort_order>
                            <show_in_default>1</show_in_default>
                            <show_in_website>1</show_in_website>
                            <show_in_store>1</show_in_store>
                            <depends>
                                <enabled>1</enabled>
                            </depends>
                        </price_slider>
                        <multiple_choise_filters translate="label">
                            <label>Enable Multipe Choise Filter</label>
                            <frontend_type>select</frontend_type>
                            <source_model>adminhtml/system_config_source_yesno</source_model>
                            <backend_model>md_seo/system_config_backend_seo_catalog</backend_model>
                            <sort_order>6</sort_order>
                            <show_in_default>1</show_in_default>
                            <show_in_website>1</show_in_website>
                            <show_in_store>1</show_in_store>
                            <depends>
                                <enabled>1</enabled>
                            </depends>
                        </multiple_choise_filters>
                        <routing_suffix translate="label">
                            <label>Routing Souffix</label>
                            <frontend_type>text</frontend_type>
                            <comment>Used in url generation (it should be alphanumeric) - Do not use slash ( / )</comment>
                            <backend_model>md_seo/system_config_backend_seo_catalog</backend_model>
                            <sort_order>7</sort_order>
                            <show_in_default>1</show_in_default>
                            <show_in_website>1</show_in_website>
                            <show_in_store>1</show_in_store>
                            <depends>
                                <enabled>1</enabled>
                            </depends>
                        </routing_suffix>
                    </fields>
                </catalog>
            </groups>
        </md_seo>
    </sections>
</config>
