<?xml version="1.0" ?>
<config>
	<acl>
        <resources>
            <admin>
                <children>
                    <system>
						<children>
							<config>
								<children>
									<opc translate="title" module="opc">
										<title>IWD One Page Checkout</title>
										<sort_order>70</sort_order>
									</opc>
								</children>
							</config>
						</children>
					</system>                    
                </children>
            </admin>
        </resources>
    </acl>
</config>