<?xml version="1.0"?>
<!--

    /**
    * Setubridge Technolabs
    * http://www.setubridge.com/
    * @author SetuBridge
    * @license http://opensource.org/licenses/osl-3.0.php Open Software License (OSL 3.0)
    **/

-->
<config>
    <modules>
        <!-- declare Mage_NewModule module -->
        <Sbridge_Advcashondelivery>
            <!-- this is an active module -->
            <active>true</active>
            <!-- this module will be located in app/code/local code pool -->
            <codePool>local</codePool>
            <!-- specify dependencies for correct module loading order -->
            <depends>
                
                <Mage_Payment />
            </depends>
            <!-- declare module's version information for database updates -->
            <version>0.1.0</version>
        </Sbridge_Advcashondelivery>
    </modules>
</config>