<?xml version="1.0"?>

<config>
	<sections>
		<payment>
			<groups>
				<ccavenue translate="label" module="ccavenue">
					<label>CC Avenue</label>
					<frontend_type>text</frontend_type>
					<sort_order>30</sort_order>
					<show_in_default>1</show_in_default>
					<show_in_website>1</show_in_website>
					<show_in_store>1</show_in_store>
					
					<fields>
						<active translate="label">
							<label>Enabled</label>
							<frontend_type>select</frontend_type>
							<source_model>adminhtml/system_config_source_yesno</source_model>
							<sort_order>10</sort_order>
							<show_in_default>1</show_in_default>
							<show_in_website>1</show_in_website>
							<show_in_store>1</show_in_store>
						</active>
						
						<title translate="label">
							<label>Title</label>
							<frontend_type>text</frontend_type>
							<sort_order>20</sort_order>
							<show_in_default>1</show_in_default>
							<show_in_website>1</show_in_website>
							<show_in_store>1</show_in_store>
						</title>
						
						<order_status translate="label">
							<label>New Order Status</label>
							<frontend_type>select</frontend_type>
							<source_model>adminhtml/system_config_source_order_status</source_model>
							<sort_order>50</sort_order>
							<show_in_default>1</show_in_default>
							<show_in_website>1</show_in_website>
							<show_in_store>0</show_in_store>
						</order_status>
						
						<submit_url>
							<label>Gateway URL</label>
							<frontend_type>text</frontend_type>
							<sort_order>58</sort_order>
							<show_in_default>1</show_in_default>
							<show_in_website>1</show_in_website>
							<show_in_store>0</show_in_store>
						</submit_url>
						
						<merchant_id>
							<label>Merchant ID</label>
							<frontend_type>text</frontend_type>
							<sort_order>59</sort_order>
							<show_in_default>1</show_in_default>
							<show_in_website>1</show_in_website>
							<show_in_store>0</show_in_store>
						</merchant_id>
						
						<working_key>
							<label>Working Key</label>
							<frontend_type>text</frontend_type>
							<sort_order>60</sort_order>
							<show_in_default>1</show_in_default>
							<show_in_website>1</show_in_website>
							<show_in_store>0</show_in_store>
						</working_key>
						
						<allowspecific translate="label">
							<label>Payment Applicable From</label>
							<frontend_type>select</frontend_type>
							<sort_order>61</sort_order>
							<source_model>adminhtml/system_config_source_payment_allspecificcountries</source_model>
							<show_in_default>1</show_in_default>
							<show_in_website>1</show_in_website>
							<show_in_store>0</show_in_store>
						</allowspecific>
						
						<specificcountry translate="label">
							<label>Countries Payment Applicable From</label>
							<frontend_type>multiselect</frontend_type>
							<sort_order>70</sort_order>
							<source_model>adminhtml/system_config_source_country</source_model>
							<show_in_default>1</show_in_default>
							<show_in_website>1</show_in_website>
							<show_in_store>0</show_in_store>
							<depends>
								<allowspecific>1</allowspecific>
							</depends>
						</specificcountry>
						
						<sort_order translate="label">
							<label>Sort Order</label>
							<frontend_type>text</frontend_type>
							<sort_order>100</sort_order>
							<show_in_default>1</show_in_default>
							<show_in_website>1</show_in_website>
							<show_in_store>0</show_in_store>
						</sort_order>
					</fields>
				
				</ccavenue>
			</groups>
		</payment>
	</sections>
</config>