<?xml version="1.0"?>
<!--
/**
* Setubridge Technolabs
* http://www.setubridge.com/
* @author SetuBridge
* @license http://opensource.org/licenses/osl-3.0.php Open Software License (OSL 3.0)
**/

-->

<config>
    <sections>
        <!-- payment tab -->
        <payment>
            <groups>
                <!-- newmodule fieldset -->
                <advcashondelivery translate="label" module="paygate">
                    <!-- will have title 'Cash On Delivery' -->
                    <label>Advance Cash On Delivery Module</label>
                    <!-- position between other payment methods -->
                    <sort_order>670</sort_order>
                    <!-- do not show this configuration options in store scope -->
                    <show_in_default>1</show_in_default>
                    <show_in_website>1</show_in_website>
                    <show_in_store>0</show_in_store>
                    <fields>
                        <!-- is this payment method active for the website? -->
                        <active translate="label">
                            <!-- label for the field -->
                            <label>Enabled</label>
                            <!-- input type for configuration value -->
                            <frontend_type>select</frontend_type>
                            <!-- model to take the option values from -->
                            <source_model>adminhtml/system_config_source_yesno</source_model>
                            <!-- field position -->
                            <sort_order>1</sort_order>
                            <!-- do not show this field in store scope -->
                            <show_in_default>1</show_in_default>
                            <show_in_website>1</show_in_website>
                            <show_in_store>0</show_in_store>
                        </active>
                        <order_status translate="label">
                            <label>New order status</label>
                            <frontend_type>select</frontend_type>
                            <!--<source_model>adminhtml/system_config_source_order_status</source_model>-->
                            <source_model>adminhtml/system_config_source_order_status_new</source_model>
                            <!--<source_model>adminhtml/system_config_source_order_status_processing</source_model>-->
                            <sort_order>4</sort_order>
                            <show_in_default>1</show_in_default>
                            <show_in_website>1</show_in_website>
                            <show_in_store>0</show_in_store>
                        </order_status>
                        <allowspecific translate="label">
                            <label>Payment from applicable countries</label>
                            <frontend_type>allowspecific</frontend_type>
                            <sort_order>50</sort_order>
                            <source_model>adminhtml/system_config_source_payment_allspecificcountries</source_model>
                            <show_in_default>1</show_in_default>
                            <show_in_website>1</show_in_website>
                            <show_in_store>1</show_in_store>
                        </allowspecific>
                        <specificcountry translate="label">
                            <label>Payment from Specific countries</label>
                            <frontend_type>multiselect</frontend_type>
                            <sort_order>51</sort_order>
                            <source_model>adminhtml/system_config_source_country</source_model>
                            <show_in_default>1</show_in_default>
                            <show_in_website>1</show_in_website>
                            <show_in_store>1</show_in_store>
                        </specificcountry>

                        <!-- <instructions translate="label">
                        <label>Instructions</label>
                        <frontend_type>textarea</frontend_type>
                        <sort_order>52</sort_order>
                        <show_in_default>1</show_in_default>
                        <show_in_website>1</show_in_website>
                        <show_in_store>1</show_in_store>
                        </instructions>-->

                        <instructions translate="label">
                            <label>Instructions</label>
                            <frontend_type>textarea</frontend_type>
                            <sort_order>52</sort_order>
                            <show_in_default>1</show_in_default>
                            <show_in_website>1</show_in_website>
                            <show_in_store>1</show_in_store>
                        </instructions>


                        <title translate="label">
                            <label>Title</label>
                            <frontend_type>text</frontend_type>
                            <sort_order>2</sort_order>
                            <show_in_default>1</show_in_default>
                            <show_in_website>1</show_in_website>
                            <show_in_store>0</show_in_store>
                        </title>
								
								
								<!-- <delivery_code translate="label">
                            <label>Delivery Code</label>
                            <frontend_type>textarea</frontend_type>
                            <sort_order>53</sort_order>
                            <show_in_default>1</show_in_default>
                            <show_in_website>1</show_in_website>
                            <show_in_store>0</show_in_store>
                        </delivery_code>
								
								
								<delivery_message translate="label">
                            <label>Delivery Message</label>
                            <frontend_type>text</frontend_type>
                            <sort_order>54</sort_order>
                            <show_in_default>1</show_in_default>
                            <show_in_website>1</show_in_website>
                            <show_in_store>0</show_in_store>
                        </delivery_message> -->
								
								
                        <zip translate="label">
                            <label>Zip Code</label>
                            <frontend_type>textarea</frontend_type>
                            <sort_order>55</sort_order>
                            <show_in_default>1</show_in_default>
                            <show_in_website>1</show_in_website>
                            <show_in_store>0</show_in_store>
                        </zip>
								
								
								
								
								
								<sucess_message translate="label">
                            <label>Success Message</label>
                            <frontend_type>text</frontend_type>
                            <sort_order>56</sort_order>
                            <show_in_default>1</show_in_default>
                            <show_in_website>1</show_in_website>
                            <show_in_store>0</show_in_store>
                        </sucess_message>
								
								<error_message translate="label">
                            <label>Error Message</label>
                            <frontend_type>text</frontend_type>
                            <sort_order>57</sort_order>
                            <show_in_default>1</show_in_default>
                            <show_in_website>1</show_in_website>
                            <show_in_store>0</show_in_store>
                        </error_message>


                        <min_order_total translate="label">
                            <label>Minimum Order Total</label>
                            <frontend_type>text</frontend_type>
                            <sort_order>58</sort_order>
                            <show_in_default>1</show_in_default>
                            <show_in_website>1</show_in_website>
                            <show_in_store>0</show_in_store>
                        </min_order_total>
                        <max_order_total translate="label">
                            <label>Maximum Order Total</label>
                            <frontend_type>text</frontend_type>
                            <sort_order>59</sort_order>
                            <show_in_default>1</show_in_default>
                            <show_in_website>1</show_in_website>
                            <show_in_store>0</show_in_store>
                        </max_order_total>


                        <!-- <sortorder translate="label">
                        <label>Sort Order</label>
                        <frontend_type>text</frontend_type>
                        <sort_order>56</sort_order>
                        <show_in_default>1</show_in_default>
                        <show_in_website>1</show_in_website>
                        <show_in_store>0</show_in_store>
                        </sortorder>-->

                        <sort_order translate="label">
                            <label>Sort Order</label>
                            <frontend_type>text</frontend_type>
                            <sort_order>60</sort_order>
                            <show_in_default>1</show_in_default>
                            <show_in_website>1</show_in_website>
                            <show_in_store>0</show_in_store>
                        </sort_order>


                        <zipvalidaddress translate="label">
                            <!-- label for the field -->
                            <label>Zipcode validation based on</label>
                            <!-- input type for configuration value -->
                            <frontend_type>select</frontend_type>
                            <!-- model to take the option values from -->
                            <!--<source_model>adminhtml/system_config_source_yesno</source_model>-->
                            <source_model>Sbridge_Advcashondelivery_Model_Zipaddvalid</source_model>
                            <!-- field position -->
                            <sort_order>61</sort_order>
                            <!-- do not show this field in store scope -->
                            <show_in_default>1</show_in_default>
                            <show_in_website>1</show_in_website>
                            <show_in_store>0</show_in_store>
                        </zipvalidaddress>

                    </fields>
                </advcashondelivery>
					 
            </groups>
        </payment>
    </sections>
</config>